Student name,Mark
James Walker,31
Velma Clemons,43
Kibo Underwood,81
Louis Mcgee,11
Phyllis Paul,18
Zenaida Decker,55
Gillian Tillman,38
Constance Boone,16
Solomon Ray,23
John Marshall,55
Merrill Carney,71
Hayden Boyer,77
Griffin Mcleod,19
Rina Slater,78
Portia Galloway,23
Abel Clay,1
Stephanie Kent,100
Axel Petty,49
Nevada Morales,41
Fuller Bush,47
Quinn Mayo,24
Marcia Shepard,33
Kieran Moody,45
Hashim Gay,78
Deborah Roberts,25
Nomlanga Clarke,44
Elaine Downs,86
Dacey Baxter,35
Nasim Sampson,75
Yoshi Sherman,48
Veda Malone,52
Scarlett Fisher,20
Jerome Buckley,19
Jacob Foreman,61
Sylvia Kent,9
Mercedes King,22
Logan Madden,46
Ryan Herman,100
Cora Frazier,92
Yolanda Carter,1
Hadassah Lowe,84
Ingrid Yang,63
Trevor Spence,59
Iola West,61
Kitra Sparks,47
Carly Bray,27
Leilani Beard,99
Cameron Bowen,84
Hilda Oneill,95
Ori Short,50
Xandra Cardenas,27
Audrey Todd,39
Ferdinand Lloyd,71
Kareem Mcdowell,83
Aaron Giles,38
Keefe Schneider,48
Kasper Ballard,5
Maris Turner,7
Ava Robertson,70
Gillian Benton,73
Dora Landry,59
Aimee Eaton,23
Iola Sutton,72
Jana Reed,31
Alfonso Love,74
Ciaran Mosley,91
Justin Evans,53
Ryder Combs,56
Nelle Skinner,53
Jakeem Rivera,100
Hyatt Long,50
Tanisha Stanton,60
Alec Pittman,38
Octavia Ashley,33
Curran Merrill,75
Laith Gibbs,74
Walter Skinner,7
Burke Horn,6
Cally Wilkinson,14
Gary Mcintosh,16
Jacob Greer,31
Claire Roberts,48
Kuame Harrell,53
Kaseem Hurst,67
Irene Witt,23
Courtney Nash,90
Lane Torres,87
Jonas Vinson,40
Burton Holden,26
Connor Shaw,51
Calvin Riddle,35
Tara Mendez,66
Myra Wall,29
Pandora Orr,91
Stuart Crawford,63
Winter Mendez,16
Elijah Goff,10
Eleanor Gregory,72
Justine Soto,93
Stuart Mcdaniel,10
Lesley Bolton,67
Shellie Davis,81
Tarik Jarvis,40
Adria Ball,23
Daryl Tillman,65
Magee Tate,24
Jordan Beasley,62
Dalton Becker,41
Derek Burnett,42
Halla Little,8
Lani Pate,91
Moses Chang,69
Travis Weeks,47
Nichole Ortega,0
Hasad Berger,42
Galvin Hall,65
Kieran English,42
Ella Dunn,32
Jermaine Roman,33
Rhonda Ellis,27
Ezra Brooks,56
Chaim Garrison,51
Bo Leonard,71
May Christian,52
Solomon Rollins,95
Wesley Jacobson,33
Laura Gomez,76
Cora Fuentes,20
Deirdre Flowers,10
Yen Rutledge,67
Hedley Brewer,22
Lillian Massey,8
MacKensie Lopez,100
Raja Conley,49
Xavier Coffey,70
Ian Sawyer,86
Branden Hansen,15
Yoshio Schultz,95
Jamal Mercado,67
Ishmael Zamora,20
Kristen Potter,31
Unity Rodriquez,48
Mia Barry,26
Vincent Byers,70
Rogan Edwards,37
Darrel Wallace,68
Colin Adkins,60
Hop Cantu,98
Nita Valdez,20
Georgia Gomez,32
Shannon Fields,40
Jennifer Keith,97
Keane Cox,1
Sage Foster,6
Ezra Hoover,39
Burton Burke,68
Preston Barrera,37
Octavia Monroe,37
Kirestin Sweet,90
Grady Decker,87
Hayley Hull,73
Alma Richmond,35
Galena Mayer,85
Reese Black,7
Phillip Ward,67
Yael Trujillo,55
Todd Dillard,67
Noelle Marsh,27
Akeem Chan,94
Victoria Long,96
Cadman Greene,64
Yen Bowers,52
Ryan Pena,16
Portia Hamilton,34
Sydnee Chambers,76
Stacy Small,96
